amp_key,comadre_species,k_M,lambda_A0,g,comadre_log_damping,generation_time,class,order,family
Acipenser_fulvescens,Acipenser fulvescens,0.001022574641362545,0.001022574641362545,1.0,0.24793,11.5273,Actinopterygii,Acipenseriformes,Acipenseridae
Acipenser_transmontanus,Acipenser transmontanus,0.0011026505301757494,0.0011026505301757494,1.0,0.23861,16.0101,Actinopterygii,Acipenseriformes,Acipenseridae
Acyrthosiphon_pisum,Acyrthosiphon pisum,0.003475336322869955,0.003475336322869955,1.0,0.11184,3.7035,Insecta,Aphidomorpha,Aphididae
Ailuropoda_melanoleuca,Ailuropoda melanoleuca,0.0022208761646861806,0.0022208761646861806,1.0,0.11176,6.3224,Mammalia,Carnivora,Ursidae
Alces_alces,Alces alces,0.004810560930276891,0.004810560930276891,1.0,0.30556,8.8736,Mammalia,Artiodactyla,Cervidae
Alytes_muletensis,Alytes muletensis,0.010743077192391474,0.05258719211871322,6.06347933930363,1.06714,7.2491,Amphibia,Anura,Alytidae
Ambloplites_rupestris,Ambloplites rupestris,0.0016094136727429268,0.0024578603218487942,1.6853307279027991,0.00136,3.0144,Actinopterygii,Perciformes,Centrarchidae
Ambystoma_mexicanum,Ambystoma mexicanum,0.003489037445886314,0.012992483621845763,4.540942228439998,0.01457,3.065,Amphibia,Caudata,Ambystomatidae
Ammocrypta_pellucida,Ammocrypta pellucida,0.009224891652104565,0.034574729654958926,4.572376852382041,0.1236,2.3599,Actinopterygii,Perciformes,Percidae
Ammodramus_savannarum,Ammodramus savannarum,0.027199785561115082,0.027199785561115082,1.0,0.36901,3.2461,Aves,Passeriformes,Emberizidae
Anas_platyrhynchos,Anas platyrhynchos,0.007214461791290058,0.007214461791290058,1.0,1.15653,3.0225,Aves,Anseriformes,Anatidae
Anser_anser,Anser anser,0.007776286782325313,0.007776286782325313,1.0,0.23922,6.2127,Aves,Anseriformes,Anatidae
Anser_caerulescens,Anser Anser caerulescens;Chen caerulescens,0.005777877224386648,0.005777877224386648,1.0,0.40829,6.5116,Aves,Anseriformes,Anatidae
Antechinus_agilis,Antechinus agilis,0.013298342541436465,0.013298342541436465,1.0,0.06328,2.1502,Mammalia,Dasyuromorphia,Dasyuridae
Arctocephalus_australis,Arctocephalus australis,0.001203998696077366,0.001203998696077366,1.0,0.08107,9.1669,Mammalia,Carnivora,Otariidae
Bonasa_umbellus,Bonasa umbellus,0.008277618747270874,0.008277618747270874,1.0,3.2061,2.2694,Aves,Galliformes,Phasianidae
Branta_leucopsis,Branta leucopsis,0.008180002496567218,0.008180002496567218,1.0,0.36138,10.9709,Aves,Anseriformes,Anatidae
Buteo_lineatus,Buteo lineatus,0.008158999236890875,0.008158999236890875,1.0,0.52666,4.3479,Aves,Accipitriformes,Accipitridae
Callorhinus_ursinus,Callorhinus ursinus,0.0008992055342376913,0.0008992055342376913,1.0,0.06989,10.3859,Mammalia,Carnivora,Otariidae
Callospermophilus_lateralis,Callospermophilus lateralis,0.019083913902464385,0.019083913902464385,1.0,0.59142,1.6268,Mammalia,Rodentia,Sciuridae
Calyptorhynchus_lathami,Calyptorhynchus lathami,0.007673461652995478,0.007673461652995478,1.0,0.33329,12.8645,Aves,Psittaciformes,Psittacidae
Campylorhynchus_brunneicapillus,Campylorhynchus brunneicapillus sandiegensis,0.01938175658845215,0.01938175658845215,1.0,1.98554,4.3672,Aves,Passeriformes,Troglodytidae
Canis_lupus,Canis lupus,0.005009889773138819,0.005009889773138819,1.0,0.19968,4.3041,Mammalia,Carnivora,Canidae
Caretta_caretta,Caretta caretta,0.0014004748209135158,0.0014004748209135158,1.0,0.04297,27.3872,Reptilia,Testudines,Cheloniidae
Catostomus_catostomus,Catostomus catostomus,0.0025098098859315586,0.0025098098859315586,1.0,0.27977,2.662,Actinopterygii,Cypriniformes,Catostomidae
Catostomus_platyrhynchus,Catostomus platyrhynchus,0.003062046303525552,0.007547112053672155,2.904146736278095,0.15602,3.6269,Actinopterygii,Cypriniformes,Catostomidae
Cebus_capucinus,Cebus capucinus,0.002182188069458237,0.002182188069458237,1.0,0.353,24.6153,Mammalia,Primates,Cebidae
Cercopithecus_mitis,Cercopithecus mitis,0.005932655595933576,0.005932655595933576,1.0,0.09369,21.4894,Mammalia,Primates,Cercopithecidae
Cervus_canadensis,Cervus canadensis,0.0019881028256818604,0.003077941838185231,1.712634526721959,0.10049,8.2991,Mammalia,Artiodactyla,Cervidae
Cervus_elaphus,Cervus elaphus,0.0017699349564587676,0.0017699349564587676,1.0,0.10312,8.356,Mammalia,Artiodactyla,Cervidae
Chasmistes_liorus,Chasmistes liorus,0.005623365843536004,0.005623365843536004,1.0,0.05212,48.9294,Actinopterygii,Cypriniformes,Catostomidae
Chelonia_mydas,Chelonia mydas,0.001547189292543021,0.001968674383567345,1.354145818467384,0.06766,36.165,Reptilia,Testudines,Cheloniidae
Chelydra_serpentina,Chelydra serpentina,0.00045463145921173726,0.0022611982777770503,6.165803678009696,0.11767,57.8806,Reptilia,Testudines,Chelydridae
Chlorocebus_aethiops,Chlorocebus aethiops,0.002319198981811152,0.002319198981811152,1.0,0.5514,6.1925,Mammalia,Primates,Cercopithecidae
Chroicocephalus_ridibundus,Larus ridibundus,0.014564686979290645,0.014564686979290645,1.0,0.48447,8.2339,Aves,Charadriiformes,Laridae
Chrosomus_oreas,Chrosomus oreas,0.007028259329602574,0.01959918288375522,3.325213093883168,0.00027,2.002,Actinopterygii,Cypriniformes,Cyprinidae
Chrysemys_picta,Chrysemys picta,0.0023002664193029947,0.0023002664193029947,1.0,0.0588,13.1873,Reptilia,Testudines,Emydidae
Ciconia_ciconia,Ciconia ciconia,0.005484882380855535,0.005484882380855535,1.0,0.45817,5.3645,Aves,Ciconiiformes,Ciconiidae
Clemmys_guttata,Clemmys guttata,0.0014369670568425822,0.0035960842241708453,2.953317095309185,0.23777,27.5062,Reptilia,Testudines,Emydidae
Clinocottus_analis,Clinocottus analis,0.007859475244200581,0.011845998978597339,1.6593927321725301,0.32761,5.2874,Actinopterygii,Scorpaeniformes,Cottidae
Clinocottus_globiceps,Clinocottus globiceps,0.0036923182136942836,0.00598145217955039,1.805963620517821,0.08611,,Actinopterygii,Scorpaeniformes,Cottidae
Clinostomus_elongatus,Clinostomus elongatus,0.004344496670820196,0.010946980092099594,2.9756554321499324,0.08752,2.2232,Actinopterygii,Cypriniformes,Cyprinidae
Connochaetes_taurinus,Connochaetes taurinus,0.00199064284450075,0.00199064284450075,1.0,0.10163,7.3212,Mammalia,Artiodactyla,Bovidae
Coragyps_atratus,Coragyps atratus,0.00483533112978376,0.00483533112978376,1.0,0.11585,13.4806,Aves,Accipitriformes,Cathartidae
Coregonus_reighardi,Coregonus reighardi,0.018487345109412075,0.018487345109412075,1.0,1.14146,4.3169,Actinopterygii,Salmoniformes,Salmonidae
Coregonus_zenithicus,Coregonus zenithicus,0.007489457125644287,0.007489457125644287,1.0,1.45381,4.5364,Actinopterygii,Salmoniformes,Salmonidae
Cottus_bairdii,Cottus bairdi,0.0077313813982714434,0.016539088695026523,2.480979775275549,0.06944,2.3034,Actinopterygii,Scorpaeniformes,Cottidae
Cottus_confusus,Cottus confusus,0.006422776594228465,0.02513007283345154,4.78644418877088,0.34994,3.2386,Actinopterygii,Scorpaeniformes,Cottidae
Crassostrea_virginica,Crassostrea virginica,0.0017993893989325823,0.00946845696814278,6.540650537280838,0.20247,,Bivalvia,Ostreoida,Ostreidae
Crocodylus_acutus,Crocodylus acutus,0.0009747235768432235,0.0009747235768432235,1.0,0.22534,12.9775,Reptilia,Crocodylia,Crocodylidae
Crocodylus_johnsoni,Crocodylus johnsoni,0.0038310824581916482,0.0038310824581916482,1.0,0.09498,20.6251,Reptilia,Crocodylia,Crocodylidae
Crocodylus_niloticus,Crocodylus niloticus,0.0005810288877874517,0.0005810288877874517,1.0,0.08772,25.2737,Reptilia,Crocodylia,Crocodylidae
Cryptobranchus_alleganiensis,Cryptobranchus alleganiensis alleganiensis,0.0026163503790622438,0.0026163503790622438,1.0,0.39139,7.3114,Amphibia,Caudata,Cryptobranchidae
Cyprinus_carpio,Cyprinus carpio,0.002350061967588598,0.002350061967588598,1.0,0.3987,4.7519,Actinopterygii,Cypriniformes,Cyprinidae
Dama_dama,Dama dama,0.003464977478029038,0.004955267583725452,1.5591312352504423,0.05919,7.013,Mammalia,Artiodactyla,Cervidae
Dasypus_novemcinctus,Dasypus novemcinctus,0.002018787663948954,0.002018787663948954,1.0,0.31948,4.0535,Mammalia,Cingulata,Dasypodidae
Didelphis_aurita,Didelphis aurita,0.012163484030111001,0.012163484030111001,1.0,0.24091,3.8178,Mammalia,Didelphimorphia,Didelphidae
Eidolon_helvum,Eidolon helvum,0.010119258070518472,0.013443168065026673,1.4270157913503303,0.4506,5.3866,Mammalia,Chiroptera,Pteropodidae
Elephas_maximus,Elephas maximus,0.000390837490676113,0.000390837490676113,1.0,0.06714,19.43,Mammalia,Proboscidea,Elephantidae
Emydura_macquarii,Emydura macquarii,0.002087400253542297,0.004005197488152435,2.194373911166463,0.17002,41.0902,Reptilia,Testudines,Chelidae
Epidalea_calamita,Epidalea calamita,0.010940831691172754,0.010940831691172754,1.0,0.25746,7.3271,Amphibia,Anura,Bufonidae
Epinephelus_morio,Epinephelus morio,0.003807046920089779,0.003807046920089779,1.0,0.06118,26.3537,Actinopterygii,Perciformes,Serranidae
Erimyzon_sucetta,Erimyzon sucetta,0.0035039492390815316,0.010037082842471994,3.423857511883887,0.54415,4.1662,Actinopterygii,Cypriniformes,Catostomidae
Erythrocebus_patas,Erythrocebus patas,0.00246998697702923,0.00246998697702923,1.0,0.38364,3.6792,Mammalia,Primates,Cercopithecidae
Etheostoma_flabellare,Etheostoma flabellare,0.005723661241424459,0.013725581809821686,2.8174549995428286,0.01416,2.1017,Actinopterygii,Perciformes,Percidae
Eubalaena_australis,Eubalaena australis,0.0005575552876349819,0.0005575552876349819,1.0,0.12575,32.7003,Mammalia,Cetacea,Balaenidae
Eubalaena_glacialis,Eubalaena glacialis,0.0006000708410757564,0.0006000708410757564,1.0,0.12831,27.6044,Mammalia,Cetacea,Balaenidae
Eumetopias_jubatus,Eumetopias jubatus,0.0010863949296581162,0.0010863949296581162,1.0,0.03605,10.2882,Mammalia,Carnivora,Otariidae
Falco_naumanni,Falco naumanni,0.00919286125503742,0.00919286125503742,1.0,0.91601,4.5827,Aves,Falconiformes,Falconidae
Falco_peregrinus,Falco peregrinus,0.007747170970256799,0.007747170970256799,1.0,0.61893,9.8656,Aves,Falconiformes,Falconidae
Felis_catus,Felis catus,0.007608727751842892,0.007608727751842892,1.0,0.68689,2.5311,Mammalia,Carnivora,Felidae
Forpus_passerinus,Forpus passerinus,0.01325158062947266,0.01325158062947266,1.0,0.54972,1.7659,Aves,Psittaciformes,Psittacidae
Fratercula_arctica,Fratercula arctica,0.013402287807367819,0.013402287807367819,1.0,0.19129,15.9725,Aves,Charadriiformes,Alcidae
Fulmarus_glacialis,Fulmarus glacialis,0.01073121635681006,0.01073121635681006,1.0,0.08974,26.8905,Aves,Procellariiformes,Procellariidae
Gavia_immer,Gavia immer,0.007313324238290131,0.007313324238290131,1.0,0.30867,14.9698,Aves,Gaviiformes,Gaviidae
Geocrinia_vitellina,Geocrinia vitellina,0.0025812619502868068,0.016419042899998963,7.969116494599477,0.15861,2.4606,Amphibia,Anura,Myobatrachidae
Giraffa_camelopardalis,Giraffa camelopardalis,0.0006771111740922641,0.0006771111740922641,1.0,0.36011,13.8598,Mammalia,Artiodactyla,Giraffidae
Globicephala_macrorhynchus,Globicephala macrorhynchus,0.00033154338646640543,0.00033154338646640543,1.0,0.06078,9.588,Mammalia,Cetacea,Delphinidae
Grus_paradisea,Anthropoides paradiseus,0.004442619903333746,0.004442619903333746,1.0,0.10283,11.8012,Aves,Gruiformes,Gruidae
Gyps_coprotheres,Gyps coprotheres,0.0029096655178824237,0.0029096655178824237,1.0,0.26237,11.904,Aves,Accipitriformes,Accipitridae
Gyps_fulvus,Gyps fulvus,0.0032690089276757946,0.0032690089276757946,1.0,0.30299,20.5374,Aves,Falconiformes,Accipitridae
Haliaeetus_albicilla,Haliaeetus albicilla,0.004662037177426691,0.004662037177426691,1.0,0.0641,11.2142,Aves,Accipitriformes,Accipitridae
Haliaeetus_leucocephalus,Haliaeetus leucocephalus,0.004633779666452854,0.004633779666452854,1.0,0.11027,13.9997,Aves,Accipitriformes,Accipitridae
Halichoerus_grypus,Halichoerus grypus,0.0010424044439125016,0.0010424044439125016,1.0,0.13142,16.1559,Mammalia,Carnivora,Phocidae
Hirundo_rustica,Hirundo rustica,0.014740377314409204,0.014740377314409204,1.0,0.2871,2.9221,Aves,Passeriformes,Hirundinidae
Homo_sapiens,Homo sapiens,0.0003277596384983532,0.000743421114406759,2.6486469205196004,0.09017,5.478,Mammalia,Primates,Hominidae
Huso_huso,Huso huso,0.0003161868421267193,0.0003161868421267193,1.0,0.01349,52.6148,Actinopterygii,Acipenseriformes,Acipenseridae
Hydroprogne_caspia,Hydroprogne Hydroprogne caspia,0.012567661191194547,0.012567661191194547,1.0,0.48907,6.0605,Aves,Charadriiformes,Laridae
Isurus_oxyrinchus,Isurus oxyrinchus,0.0005756290792114743,0.0005756290792114743,1.0,0.06893,17.0461,Elasmobranchii,Lamniformes,Lamnidae
Jynx_torquilla,Jynx torquilla,0.011633799050738684,0.011633799050738684,1.0,15.9572,1.6177,Aves,Piciformes,Picidae
Kinosternon_flavescens,Kinosternon flavescens,0.0013805272688269335,0.0017553485945678944,1.3529576955602565,0.23207,12.9044,Reptilia,Testudines,Kinosternidae
Kinosternon_subrubrum,Kinosternon subrubrum,0.0024163704901256104,0.002654105937868746,1.1279009503422674,0.05467,11.9232,Reptilia,Testudines,Kinosternidae
Lagopus_leucura,Lagopus leucura,0.009770281357077361,0.009770281357077361,1.0,0.9397,1.7555,Aves,Galliformes,Phasianidae
Lagopus_muta,Lagopus muta,0.010988132635253054,0.010988132635253054,1.0,1.04789,2.6465,Aves,Galliformes,Phasianidae
Lagothrix_lagothricha,Lagothrix lagotricha,0.0016222065550655015,0.0016222065550655015,1.0,0.06702,21.2148,Mammalia,Primates,Atelidae
Lemmus_lemmus,Lemmus lemmus,0.03645685267135706,0.04910742287311166,1.4511015092425092,0.23453,4.6574,Mammalia,Rodentia,Muridae
Lepisosteus_oculatus,Lepisosteus oculatus,0.003750972801344641,0.004209989402068745,1.1590844862237935,0.59898,6.6409,Actinopterygii,Lepisosteiformes,Lepisosteidae
Lepus_europaeus,Lepus europaeus,0.011161597735840714,0.011161597735840714,1.0,0.16254,3.3508,Mammalia,Lagomorpha,Leporidae
Leuconotopicus_borealis,Picoides borealis,0.024802332753883247,0.024802332753883247,1.0,0.24637,4.8192,Aves,Piciformes,Picidae
Lithobates_catesbeianus,Rana catesbeiana,0.00573340944243942,0.00573340944243942,1.0,0.06292,4.6216,Amphibia,Anura,Ranidae
Lontra_canadensis,Lontra canadensis,0.005243963186109398,0.005243963186109398,1.0,0.41513,5.7562,Mammalia,Carnivora,Mustelidae
Loxodonta_africana,Loxodonta africana,0.0002793012811225863,0.0002793012811225863,1.0,0.11028,7.0426,Mammalia,Proboscidea,Elephantidae
Lycalopex_culpaeus,Lycalopex culpaeus,0.004771576236323094,0.004771576236323094,1.0,0.38757,4.1165,Mammalia,Carnivora,Canidae
Lycaon_pictus,Lycaon pictus,0.007695202605991806,0.007695202605991806,1.0,0.39186,4.3983,Mammalia,Carnivora,Canidae
Lynx_canadensis,Lynx canadensis,0.004529087182721109,0.004529087182721109,1.0,0.2596,5.3381,Mammalia,Carnivora,Felidae
Macaca_mulatta,Macaca mulatta,0.0015372875526640105,0.0015372875526640105,1.0,0.21992,13.8686,Mammalia,Primates,Cercopithecidae
Maccullochella_peelii,Maccullochella peelii,0.001421081694266216,0.001421081694266216,1.0,0.11382,11.2175,Actinopterygii,Perciformes,Percichthyidae
Macquaria_ambigua,Macquaria ambigua,0.0025955342267673966,0.0025955342267673966,1.0,0.19541,6.0194,Actinopterygii,Perciformes,Percichthyidae
Macrhybopsis_storeriana,Macrhybopsis storeriana,0.00453578857853203,0.009593599035212244,2.449616418367602,0.20908,2.4853,Actinopterygii,Cypriniformes,Cyprinidae
Macropus_eugenii,Macropus eugenii,0.005575869346857771,0.00961207331680481,1.9410308661353566,1.13908,4.097,Mammalia,Diprotodontia,Macropodidae
Malaclemys_terrapin,Malaclemys terrapin,0.005300187157478278,0.006184544890287544,1.2169102747683034,0.49638,9.8643,Reptilia,Testudines,Emydidae
Marmota_flaviventris,Marmota flaviventris,0.010012903025215309,0.010012903025215309,1.0,0.32537,4.7005,Mammalia,Rodentia,Sciuridae
Milvus_migrans,Milvus migrans,0.008111938016107656,0.008111938016107656,1.0,0.19613,5.5626,Aves,Accipitriformes,Accipitridae
Mirounga_angustirostris,Mirounga angustirostris,0.0008704288043868436,0.0008704288043868436,1.0,0.0199,10.8427,Mammalia,Carnivora,Phocidae
Mirounga_leonina,Mirounga leonina,0.000983874318904651,0.0011471487246212614,1.215735611097055,0.13039,11.5859,Mammalia,Carnivora,Phocidae
Morone_saxatilis,Morone saxatilis,0.0020576094164456234,0.0020576094164456234,1.0,1.26638,5.2949,Actinopterygii,Perciformes,Moronidae
Moxostoma_duquesnii,Moxostoma duquesnii,0.0048705513225709525,0.0054203501897481295,1.1467469450569407,0.63099,5.5486,Actinopterygii,Cypriniformes,Catostomidae
Moxostoma_hubbsi,Moxostoma hubbsi,0.003453998433210221,0.0038627220461990696,1.1538335083700846,0.27394,9.765,Actinopterygii,Cypriniformes,Catostomidae
Mustela_erminea,Mustela erminea,0.013702322656004311,0.013702322656004311,1.0,1.50067,2.0253,Mammalia,Carnivora,Mustelidae
Mya_arenaria,Mya arenaria,0.0035357881029632787,0.1637674166258087,59.91221730881603,0.23789,5.7388,Bivalvia,Myoida,Myidae
Myodes_rufocanus,Clethrionomys rufocanus,0.02356989247311828,0.02356989247311828,1.0,0.3105,4.7509,Mammalia,Rodentia,Muridae
Mytilus_californianus,Mytilus californianus,0.002063074957410562,0.007986987870040346,4.732819672284047,0.23611,2.5602,Bivalvia,Mytiloida,Mytilidae
Mytilus_galloprovincialis,Mytilus galloprovincialis,0.0038005567361746075,0.0495460959142333,16.647497211509627,0.31338,2.9821,Bivalvia,Mytiloida,Mytilidae
Nipponia_nippon,Nipponia nippon,0.00699769339517349,0.00699769339517349,1.0,0.1709,4.5828,Aves,Pelecaniformes,Threskiornithidae
Noturus_stigmosus,Noturus stigmosus,0.016807581254164507,0.016807581254164507,1.0,0.20199,2.5923,Actinopterygii,Siluriformes,Ictaluridae
Odocoileus_virginianus,Odocoileus virginianus,0.003346325387360967,0.004775134176872705,1.5550719704009754,0.84034,7.964,Mammalia,Artiodactyla,Cervidae
Oligocottus_maculosus,Oligocottus maculosus,0.014951263710641477,0.01725705628944017,1.2004867555312282,0.05047,,Actinopterygii,Scorpaeniformes,Cottidae
Oncorhynchus_gilae,Oncorhynchus gilae,0.017257225578188377,0.023710233726226465,1.4861100386294055,0.11237,3.2537,Actinopterygii,Salmoniformes,Salmonidae
Oncorhynchus_tshawytscha,Oncorhynchus tshawytscha,0.004368308829635956,0.007157912183912003,1.8301803974928859,0.02623,4.6539,Actinopterygii,Salmoniformes,Salmonidae
Onychogalea_fraenata,Onychogalea fraenata,0.009077285579641848,0.009077285579641848,1.0,0.11976,6.4855,Mammalia,Diprotodontia,Macropodidae
Opsopoeodus_emiliae,Opsopoeodus emiliae,0.015077478096388711,0.02680490741772461,2.011154386713269,0.74086,1.2188,Actinopterygii,Cypriniformes,Cyprinidae
Orcinus_orca,Orcinus orca,0.0006225064994016423,0.0006225064994016423,1.0,0.01916,29.8375,Mammalia,Cetacea,Delphinidae
Otus_scops,Otus Otus scops,0.01097953136146628,0.01097953136146628,1.0,0.41239,1.835,Aves,Strigiformes,Strigidae
Ovis_aries,Ovis aries,0.0032665043677502508,0.0032665043677502508,1.0,0.24808,9.8291,Mammalia,Artiodactyla,Bovidae
Ovis_canadensis,Ovis canadensis,0.0034394499155551424,0.0037020453606391875,1.099252522057487,0.40061,9.7484,Mammalia,Artiodactyla,Bovidae
Pan_troglodytes,Pan troglodytes schweinfurthii,0.001006387446771277,0.001006387446771277,1.0,0.05484,41.4417,Mammalia,Primates,Hominidae
Panthera_pardus,Panthera pardus,0.004594871302646642,0.006225891691396059,1.4614550366520465,0.24871,9.5711,Mammalia,Carnivora,Felidae
Papio_cynocephalus,Papio cynocephalus,0.006453549881337032,0.006453549881337032,1.0,0.11038,22.8372,Mammalia,Primates,Cercopithecidae
Parus_major,Parus major,0.019650262303272544,0.019650262303272544,1.0,0.11369,7.7306,Aves,Passeriformes,Paridae
Pelagia_noctiluca,Pelagia noctiluca,0.03223812849162011,0.03223812849162011,1.0,0.15697,6.3993,Scyphozoa,Semaeostomeae,Pelagiidae
Pernis_apivorus,Pernis apivorus,0.0075576170459486875,0.0075576170459486875,1.0,0.2604,9.0015,Aves,Accipitriformes,Accipitridae
Peromyscus_maniculatus,Peromyscus maniculatus,0.027435657463734206,0.027435657463734206,1.0,0.24092,5.1603,Mammalia,Rodentia,Muridae
Petauroides_volans,Petauroides volans,0.005688350983358548,0.005688350983358548,1.0,0.4381,10.6346,Mammalia,Diprotodontia,Pseudocheiridae
Petromyzon_marinus,Petromyzon marinus,0.0023315874586662165,0.0023315874586662165,1.0,0.09275,5.0559,Cephalaspidomorphi,Petromyzontiformes,Petromyzontidae
Phacochoerus_aethiopicus,Phacochoerus aethiopicus,0.002044894426185788,0.005901371792024256,3.451676972361466,0.08037,6.6229,Mammalia,Artiodactyla,Suidae
Phalacrocorax_auritus,Phalacrocorax auritus,0.005568651397511859,0.007110399366209565,1.3599206012792524,0.24959,9.3013,Aves,Suliformes,Phalacrocoracidae
Phalacrocorax_carbo,Phalacrocorax carbo,0.005994286918448102,0.005994286918448102,1.0,0.35397,8.3396,Aves,Pelecaniformes,Phalacrocoracidae
Phascolarctos_cinereus,Phascolarctos cinereus,0.008481610914296224,0.008481610914296224,1.0,0.0836,10.2443,Mammalia,Diprotodontia,Phascolarctidae
Phoca_vitulina,Phoca vitulina,0.0012294119104854899,0.0012294119104854899,1.0,0.07987,13.6527,Mammalia,Carnivora,Phocidae
Phocarctos_hookeri,Phocarctos hookeri,0.0006973220298696669,0.0006973220298696669,1.0,0.08778,10.4204,Mammalia,Carnivora,Otariidae
Phoebastria_immutabilis,Phoebastria immutabilis,0.00425198986975398,0.00425198986975398,1.0,0.09789,20.5053,Aves,Procellariiformes,Diomedeidae
Physeter_macrocephalus,Physeter macrocephalus,0.0005532138413904241,0.0005532138413904241,1.0,0.13001,31.9434,Mammalia,Cetacea,Physeteridae
Pimephales_promelas,Pimephales promelas,0.0567493727280711,0.17645667679784957,3.742224060103747,0.25076,3.0538,Actinopterygii,Cypriniformes,Cyprinidae
Podocnemis_expansa,Podocnemis expansa,0.001425423595430799,0.001425423595430799,1.0,0.0138,26.6343,Reptilia,Testudines,Podocnemididae
Poecilia_reticulata,Poecilia reticulata,0.011307274615239863,0.01281376441116327,1.173201483234595,0.17189,9.3205,Actinopterygii,Cyprinodontiformes,Poeciliidae
Propithecus_verreauxi,Propithecus verreauxi,0.0033138399371422157,0.0033138399371422157,1.0,0.14646,22.8784,Mammalia,Primates,Indriidae
Pseudocheirus_peregrinus,Pseudocheirus peregrinus,0.005907090064082878,0.005907090064082878,1.0,0.06265,,Mammalia,Diprotodontia,Pseudocheiridae
Puma_concolor,Puma concolor,0.0027285428350607398,0.0027285428350607398,1.0,0.11197,4.8665,Mammalia,Carnivora,Felidae
Pygoscelis_adeliae,Pygoscelis adeliae,0.004735468981260819,0.004735468981260819,1.0,0.67701,8.3309,Aves,Sphenisciformes,Spheniscidae
Pylodictis_olivaris,Pylodictis olivaris,0.00107240194848456,0.00107240194848456,1.0,0.17975,13.0849,Actinopterygii,Siluriformes,Ictaluridae
Rana_temporaria,Rana temporaria,0.015486459378134403,0.015486459378134403,1.0,0.17044,3.956,Amphibia,Anura,Ranidae
Rangifer_tarandus,Rangifer tarandus,0.004873038228235229,0.006418274998172824,1.412229025678373,0.17205,7.475,Mammalia,Artiodactyla,Cervidae
Rattus_fuscipes,Rattus fuscipes,0.008591549295774648,0.008591549295774648,1.0,0.00799,2.0224,Mammalia,Rodentia,Muridae
Rhinichthys_cataractae,Rhinichthys cataractae,0.004464758300463626,0.008716365226887672,2.237936889837311,0.3524,3.2511,Actinopterygii,Cypriniformes,Cyprinidae
Rissa_tridactyla,Rissa tridactyla,0.00969597822625011,0.00969597822625011,1.0,0.14494,11.047,Aves,Charadriiformes,Laridae
Rutilus_rutilus,Rutilus rutilus,0.002456915965390542,0.002456915965390542,1.0,0.13542,6.002,Actinopterygii,Cypriniformes,Cyprinidae
Salmo_salar,Salmo salar,0.0027762587064676615,0.005382831480438229,2.2205435315763893,0.26868,4.2,Actinopterygii,Salmoniformes,Salmonidae
Salvelinus_fontinalis,Salvelinus fontinalis,0.005956727972434779,0.005956727972434779,1.0,0.38677,2.846,Actinopterygii,Salmoniformes,Salmonidae
Salvelinus_malma,Salvelinus malma,0.003420136009288439,0.003420136009288439,1.0,0.04585,7.0145,Actinopterygii,Salmoniformes,Salmonidae
Sceloporus_grammicus,Sceloporus grammicus,0.012337044359692122,0.013724507066437637,1.1462020777571544,0.47027,3.7528,Reptilia,Squamata,Phrynosomatidae
Sigmodon_hispidus,Sigmodon hispidus,0.01249800549596667,0.01249800549596667,1.0,0.24747,2.7145,Mammalia,Rodentia,Muridae
Somateria_mollissima,Somateria mollissima,0.008521975737878386,0.008521975737878386,1.0,0.41515,13.5808,Aves,Anseriformes,Anatidae
Spermophilus_dauricus,Spermophilus dauricus,0.009405999096312258,0.009405999096312258,1.0,0.16539,3.868,Mammalia,Rodentia,Sciuridae
Sterna_hirundo,Sterna hirundo,0.014827412022225964,0.014827412022225964,1.0,0.21469,12.7522,Aves,Charadriiformes,Laridae
Sternula_antillarum,Sternula antillarum browni,0.015259134615384617,0.015259134615384617,1.0,0.10996,6.6797,Aves,Charadriiformes,Laridae
Strix_occidentalis,Strix occidentalis,0.0027091077425076254,0.010136301686944318,4.564034008787867,0.44513,6.4684,Aves,Strigiformes,Strigidae
Sus_scrofa,Sus scrofa,0.0038910571937751668,0.0049252604009457504,1.3455267045348511,0.21806,6.3713,Mammalia,Artiodactyla,Suidae
Tachycineta_bicolor,Tachycineta bicolor,0.01950780660514249,0.01950780660514249,1.0,16.0717,1.6556,Aves,Passeriformes,Hirundinidae
Tamiasciurus_hudsonicus,Tamiasciurus hudsonicus,0.01022659962807356,0.01022659962807356,1.0,0.25138,2.9101,Mammalia,Rodentia,Sciuridae
Thalia_democratica,Thalia democratica,0.6846549948506694,0.6846549948506694,1.0,0.27979,4.9632,Thaliacea,Salpida,Salpidae
Theropithecus_gelada,Theropithecus gelada,0.0012781992950571738,0.0012781992950571738,1.0,0.16457,16.4288,Mammalia,Primates,Cercopithecidae
Turdus_torquatus,Turdus torquatus,0.018771958294454136,0.018771958294454136,1.0,0.598,3.5068,Aves,Passeriformes,Turdidae
Urocitellus_armatus,Urocitellus armatus,0.02134473730144877,0.02134473730144877,1.0,0.68701,1.8024,Mammalia,Rodentia,Sciuridae
Urocitellus_beldingi,Urocitellus beldingi,0.014670681950650863,0.014670681950650863,1.0,0.27339,3.3411,Mammalia,Rodentia,Sciuridae
Urocitellus_columbianus,Urocitellus columbianus,0.019240555951532432,0.019240555951532432,1.0,0.14372,4.7055,Mammalia,Rodentia,Sciuridae
Ursus_americanus,Ursus americanus,0.005191878013405982,0.005191878013405982,1.0,0.20724,8.9648,Mammalia,Carnivora,Ursidae
Ursus_arctos,Ursus arctos,0.003967773200872305,0.003967773200872305,1.0,0.05291,11.2379,Mammalia,Carnivora,Ursidae
Ursus_maritimus,Ursus maritimus,0.002058218644786795,0.002058218644786795,1.0,0.21855,26.1898,Mammalia,Carnivora,Ursidae
Vipera_aspis,Vipera aspis,0.006268824429509452,0.006268824429509452,1.0,0.15566,9.2207,Reptilia,Squamata,Viperidae
Vulpes_vulpes,Vulpes vulpes,0.008200590667454223,0.008200590667454223,1.0,0.59721,1.9395,Mammalia,Carnivora,Canidae
Xenosaurus_grandis,Xenosaurus grandis,0.0025856841984639944,0.004239942074557059,1.83170838890476,0.26197,5.3354,Reptilia,Squamata,Xenosauridae
Xenosaurus_platyceps,Xenosaurus platyceps,0.004889222575752322,0.0049561138383954675,1.0177857808861788,0.23397,7.6017,Reptilia,Squamata,Xenosauridae
Zalophus_californianus,Zalophus californianus,0.0010295765336302586,0.0010295765336302586,1.0,0.50012,9.4632,Mammalia,Carnivora,Otariidae
Zenaida_macroura,Zenaida macroura,0.014253232911752166,0.014253232911752166,1.0,0.27967,2.9896,Aves,Columbiformes,Columbidae
Zingel_asper,Zingel asper,0.017881152845385304,0.0778418986889273,5.3592809854383265,0.27587,2.8965,Actinopterygii,Perciformes,Percidae
Zoarces_viviparus,Zoarces viviparus,0.00784761416110826,0.00784761416110826,1.0,0.11983,4.456,Actinopterygii,Perciformes,Zoarcidae
Zootoca_vivipara,Zootoca vivipara,0.021868961074813658,0.021868961074813658,1.0,0.53647,1.9626,Reptilia,Squamata,Lacertidae
